{
  "regression": {
    "r2_score": 0.9124,
    "mae": 20.2686,
    "rmse": 40.06
  },
  "classification": {
    "accuracy": 0.8181,
    "confusion_matrix": [
      [
        172,
        1,
        1,
        94,
        0,
        0
      ],
      [
        2,
        1531,
        55,
        176,
        0,
        2
      ],
      [
        0,
        142,
        356,
        2,
        4,
        52
      ],
      [
        33,
        192,
        0,
        1420,
        0,
        0
      ],
      [
        0,
        2,
        3,
        0,
        211,
        52
      ],
      [
        0,
        9,
        57,
        0,
        25,
        376
      ]
    ],
    "labels": [
      "Good",
      "Moderate",
      "Poor",
      "Satisfactory",
      "Severe",
      "Very Poor"
    ],
    "classification_report": {
      "Good": {
        "precision": 0.8309178743961353,
        "recall": 0.6417910447761194,
        "f1-score": 0.7242105263157895,
        "support": 268.0
      },
      "Moderate": {
        "precision": 0.8156632924880128,
        "recall": 0.8669309173272933,
        "f1-score": 0.8405160581937963,
        "support": 1766.0
      },
      "Poor": {
        "precision": 0.7542372881355932,
        "recall": 0.6402877697841727,
        "f1-score": 0.6926070038910506,
        "support": 556.0
      },
      "Satisfactory": {
        "precision": 0.8392434988179669,
        "recall": 0.8632218844984803,
        "f1-score": 0.851063829787234,
        "support": 1645.0
      },
      "Severe": {
        "precision": 0.8791666666666667,
        "recall": 0.7873134328358209,
        "f1-score": 0.8307086614173228,
        "support": 268.0
      },
      "Very Poor": {
        "precision": 0.7800829875518672,
        "recall": 0.8051391862955032,
        "f1-score": 0.7924130663856691,
        "support": 467.0
      },
      "accuracy": 0.8181086519114689,
      "macro avg": {
        "precision": 0.8165519346760403,
        "recall": 0.7674473725862315,
        "f1-score": 0.7885865243318104,
        "support": 4970.0
      },
      "weighted avg": {
        "precision": 0.8174998540209917,
        "recall": 0.8181086519114689,
        "f1-score": 0.8161400598085009,
        "support": 4970.0
      }
    }
  }
}